total_bill,tip,first_name,last_name,size,sex
724,6,Esdras,Athowe,2,Male
348,7,Gabriello,Beers,10,Male
795,1,Janel,Southouse,8,Female
291,5,Cullie,Petrenko,2,Male
167,4,Alexine,Van Giffen,3,Female
189,9,Rob,Dominichetti,6,Male
757,6,Doyle,Reary,8,Male
756,9,Kevon,Wiltshear,3,Male
867,8,Mallissa,Geill,2,Female
443,4,Moore,Cowsby,2,Male
363,9,Julie,Junifer,6,Female
249,3,Almeda,Welbrock,6,Female
112,7,Rubetta,Balch,10,Female
352,6,Ferdinand,Lace,6,Male
473,2,Arni,Ziebart,7,Male
150,6,Cordelia,Valenta,2,Female
949,3,Barrie,Minors,2,Male
506,1,Aarika,Martina,5,Female
982,6,Nevin,McVane,5,Male
68,3,Joyous,Schanke,7,Female
789,10,Layton,Overbury,5,Male
990,8,Emmeline,Benedite,6,Female
309,10,Dasya,Pyper,1,Female
566,7,Diarmid,Benasik,8,Male
124,3,Goldy,Vasiltsov,8,Female
798,5,Pauly,Dowsey,5,Male
630,5,Katti,Worlock,1,Female
333,8,Ivory,MacEntee,2,Female
77,3,Jammal,Pitone,2,Male
738,1,Nikolos,Gilkison,2,Male
201,4,Staffard,Janauschek,6,Male
340,1,Albrecht,Josephs,8,Male
422,5,Reilly,Dripp,9,Male
313,2,Harmonia,Klulicek,7,Female
665,3,Pen,Daymont,10,Male
911,2,Lillian,Balfour,6,Female
457,5,Louella,Coughlin,3,Female
940,3,Tine,Massow,6,Female
233,8,Obediah,Yakubovics,1,Male
955,4,Ulric,Durnin,5,Male
950,10,Noelle,Cathro,3,Female
901,8,Charlie,Redmille,10,Male
264,2,Gail,Kaubisch,2,Male
750,9,Egbert,Teeney,1,Male
484,1,Kirby,Pasquale,2,Male
563,7,Clayson,Geare,7,Male
809,6,Ileane,Lonie,6,Female
731,7,Ashil,Fishleigh,6,Female
330,6,Vere,Lockart,8,Female
997,10,Jo ann,Whittlesey,3,Female
644,9,Freedman,Adamski,7,Male
91,3,Odetta,De Ambrosis,5,Female
814,5,Fulton,Hingeley,4,Male
909,6,Cinderella,Veasey,9,Female
188,3,Iormina,Wingatt,2,Female
772,9,Townsend,MacGaughey,3,Male
43,3,Marika,Treharne,6,Female
670,8,Darrin,Went,5,Male
316,3,Karyl,Daugherty,8,Female
793,10,Ingeberg,Pervoe,5,Female
215,2,Selena,Tripony,9,Female
7,1,Jarrad,Gremain,10,Male
646,4,Martica,Braben,9,Female
727,9,Sybille,Freear,6,Female
175,9,Gerty,Costello,10,Female
444,9,Lindsey,Okell,1,Male
836,5,Milo,Ashdown,1,Male
175,7,Catherine,Jacomb,5,Female
89,10,Rocky,Danielsky,8,Male
348,8,Reynolds,Perillo,9,Male
779,9,Jaimie,Detheridge,6,Male
717,7,Gail,Fall,1,Male
669,3,Felicio,Hullbrook,2,Male
445,3,Perceval,Mays,4,Male
145,2,Letti,Skitteral,9,Female
614,1,Lurlene,Dizlie,9,Female
481,9,Josefina,Healeas,5,Female
789,1,Hunt,Hairsnape,10,Male
355,10,Teodora,Deam,7,Female
159,2,Jo-ann,Schmidt,4,Female
721,5,Ole,Elmar,6,Male
691,10,Wilek,Pounsett,9,Male
558,10,Iorgo,Peeters,10,Male
995,8,Zane,Kinze,1,Male
951,4,Morris,Savege,10,Male
198,7,Chance,McGrayle,9,Male
953,7,Elizabeth,Richens,10,Female
29,4,Felike,Thorius,7,Male
178,7,Shelby,Liver,6,Male
486,1,Mara,Tofanini,5,Female
480,1,Winny,Roberds,5,Female
101,8,Wylie,Lowdham,7,Male
353,6,Jeremiah,Halden,10,Male
879,6,Daisi,Kettridge,1,Female
773,2,Audi,Jiles,2,Female
231,8,Bo,Botley,1,Male
272,9,Katharina,Culkin,3,Female
543,5,Lindsy,Bertrand,2,Female
635,10,Ellissa,Gogin,4,Female
448,9,Benedetto,Mallindine,3,Male
800,3,Shanda,Mandeville,10,Female
516,2,Dionisio,Antoniazzi,4,Male
245,6,Harlin,Linneman,1,Male
611,6,Avictor,McKern,10,Male
226,3,Brody,Berzins,5,Male
862,7,Mattie,Goggan,10,Male
391,1,Luci,Rutgers,4,Female
96,7,Breena,Shewry,5,Female
495,7,Carmon,Hundy,2,Female
186,6,Tailor,Fink,2,Male
713,6,Sadye,Briston,5,Female
832,9,Ertha,McCamish,2,Female
260,9,Kassi,Orrock,6,Female
656,5,Hy,Dyshart,9,Male
276,9,Alyssa,Shier,4,Female
82,9,Lonna,Kelner,3,Female
962,9,Vitia,Buglass,9,Female
22,3,Bond,Stopp,1,Male
32,8,Mendie,Leads,5,Male
187,9,Veronika,Bretton,2,Female
61,3,Reynard,Cradey,8,Male
557,4,Annelise,MacSwayde,7,Female
115,1,Marabel,Joselson,10,Female
60,7,Reagan,Dwelling,7,Male
41,9,Englebert,Addyman,8,Male
640,10,Amberly,Groundwator,9,Female
524,9,Margret,Dickey,7,Female
728,8,Corine,Pikesley,10,Female
195,6,Jacinthe,McCaughen,1,Female
844,9,Stacy,Boner,1,Male
939,4,Alis,McAlinion,4,Female
70,8,Muffin,Timmermann,3,Female
749,7,Sharline,Silkston,7,Female
741,4,Waldon,Blackhurst,5,Male
471,1,Pamelina,Petrescu,5,Female
223,2,Levi,Tschierasche,9,Male
888,5,Adrian,Benasik,4,Male
560,4,Dona,Bonnet,1,Female
655,9,Eben,Webermann,3,Male
930,6,Hewett,Teliga,7,Male
349,5,Brande,Wentworth,1,Female
194,2,Meredithe,Josephson,9,Female
248,1,Lawry,Haggarth,6,Male
98,1,Goddard,Semmens,3,Male
636,10,Cleon,Alishoner,1,Male
516,5,Wilmer,Vigers,2,Male
12,9,Dee,Jeacop,10,Female
385,6,Lainey,Lung,6,Female
842,7,Celia,Hebard,9,Female
363,8,Prue,Shayes,6,Female
2,5,Gusta,Haggarth,5,Female
370,9,Guss,Yoakley,7,Male
340,1,Barnebas,Geillier,4,Male
734,9,Gino,Blondelle,9,Male
268,5,Jobyna,O' Liddy,4,Female
198,1,Rockey,Biddwell,9,Male
958,6,Margarita,Guillotin,2,Female
111,1,Bel,Ferraraccio,4,Female
811,2,Gabie,Caldicot,7,Male
326,1,Piper,Dysart,9,Female
741,4,Gene,Baalham,4,Female
447,7,Stanfield,Waldera,4,Male
474,4,Lorinda,Laughren,3,Female
509,1,Arielle,Entwhistle,7,Female
462,3,Maye,Treble,9,Female
1,5,Rosella,Bru,8,Female
643,9,Albie,Corkitt,5,Male
659,2,Terry,Jiru,7,Female
512,5,Skipton,Croix,1,Male
202,4,Sharai,Toffaloni,5,Female
594,5,Cly,Endley,1,Male
241,2,Lauretta,Boog,4,Female
872,1,Felizio,Lugden,5,Male
357,8,Ansell,Danson,7,Male
598,5,Urban,Brafield,10,Male
720,1,Bill,Zuenelli,5,Female
919,1,Kain,Grunbaum,4,Male
219,8,Casi,Pedgrift,8,Female
984,2,Pippo,Beesley,7,Male
312,5,Lauren,Kochel,7,Male
331,6,Angelle,Chinnock,2,Female
376,3,Claudetta,Omond,9,Female
313,4,Zeb,Kock,2,Male
266,2,Sharona,Thynne,9,Female
321,7,Maegan,Graeber,9,Female
182,1,Scotti,Hariot,3,Male
555,5,Sydelle,Birkwood,8,Female
677,1,Massimiliano,Brazener,6,Male
666,3,Darby,Brocklebank,5,Male
365,8,Nevil,Delahunty,5,Male
620,8,Dacy,Rooze,1,Female
189,4,Hilary,Barnsdale,3,Male
560,6,Rosa,Monnoyer,2,Female
613,8,Tomasine,Twinn,5,Female
111,10,Nikaniki,Dedney,3,Female
103,5,Wynne,Gilhooly,4,Female
342,2,Ailbert,Merrisson,2,Male
207,3,Salvador,Moores,10,Male
495,2,Wit,Wozencraft,2,Male
180,6,Demeter,Dimont,10,Female
848,5,Roley,Conybear,4,Male
848,2,Dredi,Thompkins,2,Female
114,1,Jaime,Sandford,1,Female
569,9,Matthieu,Capenor,4,Male
702,6,Abbott,Woolvett,10,Male
793,4,Bettina,Greenin,5,Female
37,2,Gaynor,Richardes,6,Female
973,8,Hanson,Pendrill,10,Male
643,5,Sibella,Sibray,4,Female
287,2,Ryann,Bradnock,9,Female
681,2,Kaila,Robelin,10,Female
565,6,Anthiathia,Crolla,2,Female
476,9,Fran,Argabrite,1,Male
870,1,Conant,Vaen,5,Male
980,1,Archaimbaud,Sute,3,Male
581,5,Maure,Spinozzi,10,Female
757,8,Kendall,Van der Brugge,8,Male
127,7,Burr,Mateiko,1,Male
100,10,Doe,Minto,10,Female
567,6,Jada,Matignon,9,Female
255,5,Robbin,Clilverd,9,Female
429,8,Corabella,Ickovic,10,Female
877,1,Loren,Haggith,10,Female
895,6,Christa,Hymans,5,Female
896,5,Allayne,Bibb,2,Male
584,6,Daron,Todarini,8,Male
687,2,Anette,Cleyburn,4,Female
820,6,Hobard,Skillicorn,3,Male
558,10,Dawn,Orknay,2,Female
255,9,Jacklin,Rittmeyer,4,Female
932,3,Wade,Vaar,4,Male
549,8,Luca,Kimbley,2,Male
822,2,Anatol,Chastan,7,Male
183,10,Mirabella,Ranvoise,9,Female
906,4,Lynda,Conisbee,2,Female
757,10,Minnaminnie,Coyett,6,Female
437,10,Reinaldos,Purrier,6,Male
790,10,Tonia,Laws,1,Female
723,4,Omar,Kenwin,2,Male
118,2,Berte,Summerlad,4,Female
945,7,Christal,Marley,7,Female
604,7,Sebastien,Raithby,1,Male
901,5,Barclay,Bollin,7,Male
695,6,Tracie,Dionsetti,5,Male
299,10,Thoma,Botfield,4,Male
353,5,Teresa,Eykelbosch,1,Female
937,9,Wendeline,Nolte,8,Female
227,9,Kristan,Kovalski,3,Female
966,2,Ines,Dobrowolski,2,Female
38,2,Hew,Slym,3,Male
871,3,Nate,Grahlmans,8,Male
752,9,Terry,Eivers,9,Female
817,4,Kate,Sephton,6,Female
205,2,Nertie,McLardie,9,Female
329,5,Hasheem,Chipps,5,Male
725,3,Teddie,Claeskens,8,Male
323,3,Lolita,McKendry,6,Female
377,10,Querida,Brosnan,6,Female
78,3,Deane,Staker,5,Female
248,3,Abel,Bauser,1,Male
830,7,Aleen,Reese,1,Female
829,4,Joeann,Greening,10,Female
890,8,Edvard,Ashworth,2,Male
384,4,Lazar,Yanov,6,Male
167,5,Harriott,Eadmeads,5,Female
765,4,Donavon,Cuel,9,Male
887,4,Sayer,Pleasance,4,Male
257,1,Manon,Camillo,9,Female
886,10,Mikel,Frane,9,Male
521,6,Lars,Glyn,10,Male
572,6,Stevy,Verlander,2,Male
709,5,Armand,Ranald,7,Male
556,7,Quinlan,Quartly,6,Male
824,8,Alric,Gadesby,8,Male
524,1,Vikki,Breston,1,Female
392,8,Bruis,Cases,4,Male
269,3,Ladonna,Monnery,10,Female
837,6,Corty,Grassot,6,Male
128,5,Minni,Barrus,1,Female
567,2,Paulina,Rue,3,Female
357,6,Bartholemy,Simond,10,Male
758,8,Kiersten,Lawn,5,Female
985,9,Neall,Skellen,7,Male
257,6,Gustave,Bagworth,4,Male
760,2,Thedric,Sarsons,6,Male
289,2,Urbanus,Dollen,10,Male
669,8,Hartley,Impson,6,Male
154,1,Jeremy,Axe,1,Male
806,8,Sigismund,Marshalleck,2,Male
567,6,Rozalie,Robertelli,10,Female
468,8,Staford,Paff,6,Male
49,9,Myrilla,Di Pietro,1,Female
132,10,Ramsay,Birdfield,1,Male
155,9,Nonah,Phlippi,3,Female
333,2,Steffane,Rutty,10,Female
39,3,Rhody,Hubbold,6,Female
385,6,Beck,Rivenzon,7,Male
411,10,Harriett,Tippings,2,Female
86,6,Heidi,Eagleston,9,Female
519,4,Natalie,Wareham,5,Female
367,6,Zane,Tibbles,6,Male
787,2,Maybelle,MacKomb,9,Female
789,4,Corny,Nesbitt,9,Female
497,4,Prinz,Slimon,3,Male
696,7,Gerardo,Sinkin,2,Male
961,6,Magdalene,Leehane,2,Female
634,10,Codie,Valder,4,Female
530,8,Mallory,Cant,1,Female
801,2,Riva,Malshinger,3,Female
373,3,Antoine,Turn,9,Male
692,9,Fairfax,Master,8,Male
235,3,Ashby,Ranklin,2,Male
300,2,Bobinette,Yakobovitz,8,Female
904,5,Mitzi,Folger,7,Female
659,6,Dougy,Kleuer,4,Male
555,10,Jodie,Chantler,5,Female
513,4,Charmine,Durward,4,Female
155,8,Nikolaus,Fisby,6,Male
475,9,Henrietta,Franzonetti,4,Female
57,2,Granville,Sidon,7,Male
841,9,Anna,Spencelayh,1,Female
774,5,Ignatius,Gaitung,6,Male
229,8,Scot,Grzelczak,10,Male
360,1,Maxy,Crocetto,5,Male
236,6,Casie,Wade,7,Female
245,10,Dunc,Dominichelli,6,Male
337,5,Barny,Meadowcroft,4,Male
305,3,Gunilla,Crowther,8,Female
31,6,Toiboid,Minghella,4,Male
193,7,Olivie,Carman,4,Female
693,7,Virgina,Reiner,4,Female
797,1,Peadar,Sergeant,5,Male
195,8,Shandra,Rudgard,9,Female
702,4,Sayre,Philliskirk,2,Male
125,4,Rosamond,Brasier,3,Female
564,8,Julio,McCook,3,Male
807,5,Massimo,Jollands,8,Male
476,1,Cheslie,Kilshaw,2,Female
304,9,Bartolemo,Hould,1,Male
304,5,Margarete,Lickess,4,Female
818,1,Lesli,Jerman,2,Female
541,6,Ailbert,Garza,3,Male
478,7,Lorry,Ludron,3,Female
851,3,Nettle,Waldock,1,Female
149,9,Helsa,Browell,7,Female
465,10,Alena,Kenright,8,Female
575,6,Sophronia,Newtown,9,Female
316,1,Webb,Stogill,9,Male
527,4,Deidre,Keher,1,Female
143,7,Meade,Hulson,5,Male
572,3,Tedda,Corrigan,3,Female
501,8,Bordie,Mollen,5,Male
49,2,Cammy,Luckin,8,Female
47,1,Jordanna,Domniney,10,Female
973,4,Fonsie,Beaulieu,10,Male
583,3,Irvine,Lovejoy,10,Male
97,5,Davine,Pickersail,6,Female
198,8,Isidor,Rosebotham,7,Male
416,10,Porty,Blyth,10,Male
643,9,Dukey,Le Blanc,10,Male
303,9,Rafaellle,Hedingham,8,Male
348,2,Beck,MacKaile,7,Male
914,6,Keeley,Fennick,8,Female
761,8,Junia,Brydie,9,Female
123,4,Rebeca,Maceur,9,Female
424,5,Elwira,Khan,6,Female
595,4,Adrien,Owain,2,Male
297,1,Mordy,Brigg,9,Male
880,5,Hayden,Wenden,9,Male
153,9,Jeth,Attersoll,3,Male
988,4,Olva,Guesford,9,Female
420,10,Marv,Gresley,9,Male
407,6,Marianne,Cullington,3,Female
243,7,Moreen,Bubb,7,Female
957,5,Adan,Awmack,5,Female
164,10,Douglas,Ludlom,7,Male
411,8,Mil,Goodricke,10,Female
385,5,Shel,Beaver,7,Female
251,6,Alidia,Hurtado,2,Female
429,9,Nolly,Wheelton,2,Male
321,2,Weston,Tuckwell,8,Male
953,2,Lydie,Dashper,10,Female
496,2,Aloise,Cristoforo,10,Female
748,8,Boot,Cropton,6,Male
642,10,Cybil,Melmore,4,Female
374,1,Eveleen,Pendrid,1,Female
990,2,Sherlock,Quye,1,Male
165,4,Von,Sukbhans,7,Male
607,9,Doreen,O'Growgane,8,Female
877,8,Saul,Danielsohn,5,Male
839,6,Terrye,Bosher,1,Female
321,8,Noel,Woodwing,10,Male
177,9,Jocelyne,Filipczak,1,Female
69,10,Kendricks,Piesing,9,Male
174,10,Caril,Barley,2,Female
725,5,Jessika,Danihelka,2,Female
980,7,Gustie,Whittek,7,Female
818,1,Euell,Mercik,8,Male
248,10,Iorgo,Caldwell,3,Male
270,6,Torey,Ivanyutin,1,Female
299,9,Crin,Ramard,4,Female
971,2,Amaleta,Benford,5,Female
621,2,Astrid,Walmsley,6,Female
863,4,Marthena,Locksley,8,Female
539,1,Lilly,Manlow,2,Female
897,5,Abie,Elphinston,1,Male
158,9,Kelli,Aspy,4,Female
441,3,Dexter,O'Carran,9,Male
329,6,Tiebout,Adamovich,9,Male
217,6,Natalya,Burk,10,Female
853,10,Cora,Haskell,3,Female
743,8,Erin,Czaja,2,Female
754,2,Joann,Beebis,1,Female
294,5,Delmor,Bullerwell,8,Male
739,3,Walliw,Hornung,5,Female
573,4,Nathalia,Gleeson,2,Female
550,6,Grazia,Vagges,1,Female
158,9,Bowie,Dalbey,2,Male
372,1,Humberto,Winship,3,Male
725,8,Dorolice,Woolmore,10,Female
214,4,Krishnah,McQuillin,1,Male
424,4,Brad,Morrow,2,Male
501,10,Cosmo,Lavallin,2,Male
174,7,Byrann,Throssell,5,Male
575,5,Thaddus,Boulsher,4,Male
825,2,Nickolai,Tombling,10,Male
874,10,Sigvard,Piel,2,Male
340,1,Laraine,Beddow,4,Female
753,10,Stella,Joules,2,Female
48,2,Ches,Fenix,1,Male
251,1,Shane,Formilli,2,Male
764,6,Dianne,Wybern,5,Female
16,6,Margy,Grugerr,6,Female
479,2,Gordie,Cominello,4,Male
217,5,Martino,Dudden,3,Male
26,3,Janela,Mains,3,Female
571,5,Mackenzie,Mochan,7,Male
900,8,Gerrard,Widdowfield,6,Male
374,7,Alexandro,Canape,8,Male
839,9,Gretta,Mayell,3,Female
70,5,Winona,Totman,8,Female
480,9,Debbie,St. Queintain,8,Female
282,4,Gretna,Mably,3,Female
771,3,Mikkel,Lighten,7,Male
304,4,Alonzo,Scheu,10,Male
642,7,Anny,Abley,2,Female
756,2,Arabel,Gunter,6,Female
884,4,Udall,Wingrove,9,Male
289,9,Arturo,Bunnell,3,Male
991,2,Nalani,Wadforth,10,Female
323,8,Thekla,Yerby,8,Female
981,8,Rene,Winsper,7,Female
710,4,Norri,Petris,9,Female
911,5,Berkley,Stockton,10,Male
753,5,Lazarus,Amber,2,Male
544,1,Daloris,Dust,7,Female
82,10,Nataline,Phair,1,Female
52,8,Margalo,Greves,2,Female
141,3,Wileen,Lundbech,7,Female
485,8,Rusty,Haisell,8,Male
749,10,Emelita,Van den Oord,3,Female
281,6,Sibley,Budcock,7,Female
362,10,Gunther,Conor,7,Male
368,4,Cicily,Petford,7,Female
973,2,Marys,Bagnell,2,Female
973,3,Amabel,Hender,4,Female
285,9,Kendal,Emlen,6,Male
561,8,Titus,McVane,9,Male
772,5,Theresa,Boshere,3,Female
94,5,Shannon,Kenyon,6,Female
569,5,Stanly,Rusted,5,Male
265,6,Olivia,Proback,10,Female
769,9,Eileen,Hargreave,5,Female
179,7,Kim,Sutterfield,3,Female
51,6,Tadeo,Leatherbarrow,5,Male
701,2,Adan,Swidenbank,5,Male
79,8,Homerus,MacAllester,2,Male
803,3,Erin,Perrigo,2,Female
348,8,Joellen,Foard,7,Female
273,9,Niki,Maunsell,5,Female
474,8,Evin,Furphy,1,Male
249,6,Job,Beange,5,Male
157,3,George,Velte,5,Male
680,4,Vanny,Saw,1,Female
228,8,Freddie,Micklem,3,Male
48,5,Fanchon,Dunston,10,Female
296,1,Milicent,Gauche,7,Female
41,2,Constantia,Le Sarr,4,Female
403,4,Madalyn,Upham,10,Female
978,8,Julianne,Rowberry,9,Female
51,2,Amelita,De Cruce,10,Female
420,2,Marty,Titcomb,7,Male
876,3,Johannah,Breffit,6,Female
131,3,Zedekiah,Mandry,6,Male
160,7,Cookie,Kelling,6,Female
593,1,Marlon,Lisciardelli,7,Male
640,7,Trixy,Trott,1,Female
397,1,Dyna,Vogeler,5,Female
817,8,Sarah,Dowley,3,Female
722,9,Graig,Briffett,10,Male
740,4,Blair,Ebbetts,7,Male
696,2,Ahmed,Mollindinia,7,Male
567,2,Clerc,Bartolomieu,9,Male
301,1,Terza,Mac Giolla Pheadair,8,Female
935,5,Van,Peaseman,8,Female
879,4,Cecelia,Stillman,4,Female
29,2,Janot,Blumer,2,Female
234,8,Kippy,Cavalier,6,Male
955,6,Murvyn,Priscott,4,Male
906,4,Dickie,Ashwell,6,Male
876,8,Rosemaria,Fullerton,7,Female
668,4,Woodman,Laker,10,Male
94,10,Benedikta,Bohills,6,Female
25,1,Dian,Dizlie,7,Female
882,8,Lindsay,Ouldcott,8,Male
692,7,Moore,Kilty,8,Male
878,10,Melissa,Dalling,4,Female
952,4,Angele,Kubik,8,Female
719,9,Akim,Willavoys,6,Male
416,6,Waldon,Rowbottom,3,Male
960,7,Nealy,Witherden,7,Male
307,1,Andromache,Audrey,1,Female
619,4,Lona,Trighton,4,Female
270,2,Jerrie,Quarles,4,Female
40,4,Patsy,McCathay,9,Female
510,7,Selma,Golton,2,Female
329,2,Darda,Wardrop,4,Female
949,6,Vernen,Lissandri,1,Male
332,7,Ximenes,Maeer,10,Male
151,4,Willy,Covell,4,Male
513,1,Mordecai,Goodered,3,Male
439,7,Cindie,Harriday,10,Female
121,4,Evered,Di Giacomo,3,Male
252,3,Mabel,Rudall,8,Female
79,6,Carmon,Ebbrell,2,Female
208,2,Talbot,Padrick,10,Male
637,8,Bertrando,Water,4,Male
34,9,Olva,Lates,2,Female
577,1,Melitta,Olfert,3,Female
547,8,Joni,Carnier,7,Female
997,10,Dannel,Stuffins,4,Male
90,9,Hilary,Dwire,7,Male
73,8,Mackenzie,Fairbanks,8,Male
463,9,Janna,Abbet,10,Female
694,6,Zaccaria,Anthona,7,Male
298,6,Camile,Shalcros,10,Female
842,9,Elisa,Gradly,1,Female
228,7,Mickie,Chaimson,2,Female
231,9,Tedra,Hindmore,1,Female
9,1,Hadria,Cordoba,5,Female
447,8,Onfroi,Bussetti,2,Male
791,7,Brenn,Kittel,6,Female
588,3,Almeria,Purple,7,Female
263,1,Dewey,Clegg,10,Male
249,6,Geoffrey,Sineath,8,Male
607,8,Aindrea,Idel,8,Female
13,3,Lonni,Petru,4,Female
962,10,Padraic,Piddington,4,Male
752,9,Athene,Baptie,4,Female
308,4,Vivian,Myrie,10,Female
384,5,Michel,Kyston,2,Male
538,8,Nappy,Shury,3,Male
100,5,Annabelle,Soane,7,Female
173,9,Danika,Zoanetti,8,Female
94,6,Andi,Ridsdole,5,Female
542,4,Ciro,Humphries,7,Male
240,4,Feodora,Vowden,9,Female
323,10,Lisle,Alton,2,Male
395,7,Yolane,Piddington,3,Female
158,3,Franchot,Grayne,6,Male
23,6,Mariellen,d' Elboux,4,Female
167,1,Eugenio,Plumb,7,Male
668,6,Becka,Philpault,7,Female
589,7,Annette,O'Hagan,3,Female
86,3,Saxe,Berka,3,Male
124,4,Ruperto,Coxall,4,Male
538,2,Veronica,Cuttell,1,Female
101,1,Godard,Crone,7,Male
200,8,Cate,O'Hartnett,10,Female
154,3,Yul,Lipgens,5,Male
959,7,Jourdan,Kures,1,Female
311,7,Shanda,Boribal,5,Female
770,10,Tudor,Geffe,1,Male
799,2,Jewell,Kisbee,8,Female
733,6,Douglass,Curtoys,7,Male
584,10,Merrel,Itzkovwich,3,Male
493,7,Lanny,Smorthwaite,8,Female
707,9,Normy,Landeg,5,Male
105,7,Dominique,Hedlestone,1,Male
545,3,Doug,Byles,6,Male
344,8,Rudolf,Spruce,4,Male
434,5,Nadeen,Slatten,9,Female
917,7,Karleen,Maus,3,Female
231,3,Pembroke,Fraine,10,Male
716,6,Raphael,Ygo,7,Male
496,5,Morgun,Selvey,6,Male
674,3,Candis,Biscomb,2,Female
448,4,Guillermo,Hallworth,3,Male
344,6,Aleda,Eatttok,3,Female
745,5,Noel,McKinney,8,Female
906,10,Darwin,Petre,8,Male
705,2,Saundra,Baudassi,2,Male
342,4,Tomkin,Grishunin,6,Male
911,8,Brittan,Abry,5,Female
325,9,Estelle,Tefft,10,Female
934,4,Ingamar,Weaver,2,Male
353,3,Ingram,Beamish,2,Male
323,9,Jonas,Matuszinski,1,Male
906,3,Rhonda,Coleford,6,Female
230,6,Leonid,Stooders,8,Male
142,10,Justen,Worssam,8,Male
595,3,Edgard,Bosenworth,10,Male
19,5,Gale,Wickendon,7,Female
425,2,Cristen,Cronkshaw,3,Female
504,10,Ginnie,Iacomettii,1,Female
61,4,Weidar,Sketch,9,Male
52,7,Hebert,Pickton,1,Male
973,4,Robbie,Birtchnell,2,Female
862,5,Dell,Mogie,5,Male
360,2,Sabra,Scuse,6,Female
581,4,Neda,Walczak,10,Female
183,6,Teddie,Mayman,5,Female
81,5,Franni,MacMenamy,8,Female
865,6,Noak,Buckhurst,2,Male
864,7,Ennis,Audus,5,Male
696,9,Lyssa,Braidman,8,Female
511,1,Waverly,Sawart,4,Male
815,4,Katheryn,Clines,7,Female
892,9,Livvyy,Lapslie,2,Female
959,7,Bella,Jentzsch,1,Female
183,8,Hoebart,Ladlow,8,Male
105,7,Kennan,Izakoff,8,Male
265,2,Lacey,Aiken,7,Female
813,6,Lauryn,Bramer,9,Female
729,2,Shirlene,Luddy,9,Female
708,9,Von,Maplethorp,6,Male
203,9,Birgitta,Grayshan,4,Female
965,4,Rob,Soggee,1,Male
838,9,Abbey,Maxwell,9,Female
362,10,Sandor,Thirsk,1,Male
639,3,Yves,Penniell,4,Male
551,7,Selina,Nutten,4,Female
515,3,Harlin,Ventum,5,Male
606,7,Keriann,Tatum,3,Female
859,7,Iain,Nolda,1,Male
642,9,Rheta,Hucker,6,Female
592,1,Gerianne,Povah,9,Female
666,5,Susanna,McLarty,8,Female
669,8,Hattie,Jedrych,5,Female
247,8,Broderic,Goede,8,Male
405,8,Collin,Aloigi,6,Male
47,4,Tonye,Fullalove,8,Female
177,4,Alison,Stillmann,2,Female
197,4,Rhodie,Sjollema,6,Female
597,7,Glen,Collingdon,8,Male
864,1,Ainslee,Crummay,4,Female
331,3,Dorian,Reinert,6,Male
525,4,Zackariah,O'Cooney,1,Male
637,5,Sandy,Getch,4,Male
63,4,Chrisse,Wallicker,4,Male
556,3,Lulita,Hartnell,7,Female
713,9,Sarine,Thayre,8,Female
997,6,Ofella,Sacco,3,Female
875,8,Lovell,Need,3,Male
302,1,Sophie,Bramsen,1,Female
870,5,Ola,Brasner,6,Female
92,7,Clevie,Head,2,Male
813,5,Carly,Drewes,4,Male
670,9,Eustace,Marti,4,Male
434,10,Rockwell,Kenward,7,Male
72,8,Norbert,Coyte,2,Male
58,9,Kenyon,Luxton,5,Male
754,8,Aubine,Lindermann,8,Female
880,1,Piper,Cosely,6,Female
45,8,Nefen,Fesby,10,Male
58,7,Lothaire,McRitchie,10,Male
411,4,Rooney,Klempke,4,Male
427,1,Bertrand,Hirsch,4,Male
460,6,Barnabe,Gatecliff,7,Male
560,1,Dane,Stillwell,6,Male
400,10,Ellynn,Caulkett,2,Female
857,5,Ted,Palfree,1,Male
64,9,Xymenes,Matzke,7,Male
760,2,Hi,Dyke,4,Male
576,7,Marwin,Leney,4,Male
666,9,Ynez,Hadgraft,9,Female
764,9,Prudence,Mitchall,4,Female
501,3,Amargo,Wilfing,6,Female
542,6,Ernest,Saffran,3,Male
160,2,Nicolea,Pidgeley,8,Female
462,2,Leeann,Yakovlev,5,Female
428,8,Donaugh,Carlan,7,Male
350,5,Pernell,Jacobsen,9,Male
369,9,Gerick,Archbell,10,Male
514,1,Leroi,Acaster,1,Male
228,8,Sylvan,Murcutt,4,Male
771,8,Jonathan,Pennetti,4,Male
506,3,Adelina,Jakoubek,3,Female
531,7,Gabbie,Ratcliff,7,Female
273,9,Cecilio,Carlisle,4,Male
135,6,Verla,Allanson,3,Female
547,2,Josee,Hissie,3,Female
180,10,Julianna,Fuzzens,3,Female
960,9,Rowan,Geill,7,Male
315,3,Avery,Chalice,5,Male
867,10,Bret,Shane,2,Male
703,5,Addison,Moriarty,8,Male
608,9,Igor,Dudbridge,6,Male
138,5,Ilysa,MacPadene,9,Female
685,4,Almeria,Errol,1,Female
99,2,Cheston,Normant,9,Male
200,3,Eberhard,Benezeit,4,Male
124,5,Leila,Rounsefull,5,Female
518,9,Phillipe,Inold,4,Male
296,8,Frazier,Sergison,10,Male
683,8,Dickie,Steel,7,Male
278,10,Deborah,McTaggart,4,Female
865,7,Ainslie,Laurentino,3,Female
461,8,Antonino,Bloss,7,Male
748,1,Rycca,Nasi,9,Female
38,9,Malachi,Barstow,5,Male
68,5,Adorne,Veitch,8,Female
524,5,Eirena,Denis,7,Female
930,8,Kristian,Pettegree,10,Male
586,6,Glennie,Battershall,7,Female
837,2,Mikel,Hairsnape,5,Male
228,6,Arlen,Tyzack,4,Male
571,10,Loretta,Genery,5,Female
263,9,Edd,McCreary,8,Male
334,3,Goldi,Fleet,1,Female
633,4,Tailor,Sharpus,7,Male
808,7,Christopher,Cettell,10,Male
472,8,Sandor,Sibylla,9,Male
185,10,Pauly,Witcomb,5,Male
678,6,Kinny,Garrattley,5,Male
618,5,Randal,Hursthouse,1,Male
908,8,Shanie,Isac,2,Female
722,1,Archibold,Theze,10,Male
82,4,Mil,Matejka,5,Female
458,4,Melisa,Abberley,4,Female
494,8,Sarette,Cosson,9,Female
65,6,Darcy,Awcock,7,Male
992,1,Whitney,Fronzek,5,Female
850,6,Bunnie,Eagleston,3,Female
286,4,Alfred,Sealand,10,Male
759,8,Sibbie,Halt,6,Female
935,10,Emlen,Newton,3,Male
341,3,Tallulah,Well,9,Female
697,7,Irina,Aldington,3,Female
339,6,Beniamino,Teasey,1,Male
673,5,Angie,Le Franc,1,Male
449,4,Rickie,Hein,1,Female
266,9,Joice,Iacobucci,9,Female
538,1,Kirsteni,Brevitt,10,Female
846,3,Hillery,Gittens,2,Male
955,6,Kayle,Pirozzi,2,Female
588,3,Lucho,Tschirasche,9,Male
653,9,Glen,Klees,10,Female
8,1,Kiley,Fenner,3,Male
394,9,Had,Firth,4,Male
433,5,Orazio,Cristofolo,7,Male
884,3,Hesther,Janecki,8,Female
738,8,Willabella,Tasch,9,Female
744,7,Byram,Digginson,8,Male
109,10,Brody,Auton,8,Male
131,7,Son,Bonas,8,Male
282,1,Margie,Moncreiff,1,Female
722,10,Marysa,Slobom,2,Female
949,9,Desdemona,Duddell,10,Female
702,9,Davide,Dyne,4,Male
647,9,Curr,Laity,6,Male
564,3,Terza,Batchelar,4,Female
211,1,Glen,Bussetti,4,Male
424,7,Amalee,Fossord,4,Female
875,10,Vania,Itzhaki,5,Female
881,7,Oneida,Akam,1,Female
797,5,Danny,Brattan,6,Male
173,5,Carline,Charrette,2,Female
915,3,Nicki,Hugill,5,Female
710,5,Shirl,Clulow,1,Female
617,7,Carlie,Halpine,9,Female
438,5,Hi,Speerman,2,Male
248,3,Irwin,Pleace,2,Male
875,7,Reid,Gersam,7,Male
803,1,Gabi,MacRannell,8,Male
677,2,Urbano,Durand,9,Male
140,5,Jemmie,Maffey,10,Female
691,1,Nissy,Chinnick,1,Female
84,7,Roze,MacGibbon,8,Female
89,8,Pauline,Mattsson,8,Female
700,4,Salvatore,O'Hannen,6,Male
824,5,Clo,Duce,2,Female
529,8,Bastien,Konke,8,Male
337,3,Jone,Floris,6,Male
51,7,Cly,Warre,8,Male
107,3,Herrick,Wateridge,7,Male
468,10,Tony,Kirsopp,1,Male
210,6,Ethe,Rowntree,3,Male
616,1,Flynn,Heersma,3,Male
229,2,Forest,de la Tremoille,1,Male
137,2,Charissa,Cannell,5,Female
645,6,Chaddie,Sarrell,4,Male
530,1,Prentice,Thickin,3,Male
701,7,Chere,Chevis,4,Female
297,7,Bel,Matias,9,Female
685,3,Marty,Rustedge,8,Male
2,3,Brenden,Loughney,1,Male
434,1,Cherin,Hendron,5,Female
181,3,Edward,Palia,10,Male
421,1,Woodie,Verrechia,2,Male
531,5,Olenolin,Lambertini,6,Male
24,3,Emmy,Lindstrom,8,Female
892,4,Haydon,Mattes,4,Male
527,2,Gabby,Crumley,4,Male
607,5,Yancy,Lydiate,8,Male
910,10,Norry,Gill,6,Male
907,3,Carley,Sivewright,2,Female
681,9,Emeline,Cadalleder,6,Female
949,3,Maddalena,Daniaud,2,Female
438,2,Nathanael,Mahady,3,Male
998,2,Roddy,Broxholme,3,Male
207,7,Elsie,Zettoi,2,Female
265,8,Jacklin,Sowten,10,Female
328,9,Clive,Widd,7,Male
437,7,Thaddus,Ketchell,8,Male
696,2,Antonietta,Meeson,10,Female
214,10,Kalvin,Mitton,1,Male
764,3,Stace,Frascone,10,Female
795,5,Amerigo,Saenz,6,Male
8,1,Clarence,Aymerich,7,Male
992,5,Tish,Scrinage,7,Female
517,3,Rosene,Alyoshin,10,Female
988,10,Boycie,Jurick,5,Male
954,7,Tomas,Lomansey,1,Male
114,4,Berne,Dashkov,3,Male
218,10,Jud,Gilmartin,9,Male
422,3,Jobi,Denslow,8,Female
715,5,Shellysheldon,Van Giffen,1,Male
603,2,Obidiah,Wyon,5,Male
72,9,Beatriz,Mair,3,Female
757,3,Jason,Tainton,10,Male
306,10,Luke,Pau,3,Male
187,7,Pauly,Botley,2,Female
153,5,Stanislaus,Gowrich,10,Male
461,9,Jasmine,McLellan,10,Female
79,7,Dori,Sircomb,1,Female
114,10,Hayward,Gulland,6,Male
608,3,Margret,Borwick,7,Female
671,6,Haze,McKinn,5,Male
651,1,Toby,Biasioni,3,Male
701,6,Cassie,Coombes,1,Male
762,5,Niki,McGillicuddy,8,Male
578,7,Gayleen,Stobbs,2,Female
497,4,Ulises,Mannie,10,Male
872,4,Tibold,Ciccotti,10,Male
863,2,Lexine,Loveless,10,Female
371,8,Mal,Gordge,1,Male
86,5,Laurena,Thames,6,Female
725,9,Liane,Farnes,8,Female
389,5,Horton,Morritt,1,Male
916,9,Daniel,Mattys,7,Male
225,7,Eddie,Plaskett,8,Female
187,7,Viv,Edie,4,Female
448,1,Clari,Claricoats,2,Female
496,2,Catharine,Thirtle,5,Female
987,1,Tabbatha,Mouatt,3,Female
228,4,Trenton,Rippin,9,Male
497,10,Jennilee,Record,6,Female
972,7,Corrie,Sporner,5,Male
40,5,Mabelle,de Glanville,2,Female
53,8,Forest,Waslin,8,Male
274,1,Gerladina,Jone,3,Female
468,6,Marisa,Whitmore,5,Female
852,6,Dania,Atwood,10,Female
329,7,Terence,Chasen,3,Male
956,6,Shellysheldon,Bradburne,8,Male
429,10,Land,Balazot,2,Male
31,1,Lilah,Craighill,1,Female
487,8,Constancia,Maass,9,Female
194,6,Omero,Berrington,10,Male
480,5,Dex,Atteridge,7,Male
597,10,Rinaldo,Clutterham,3,Male
39,4,Monro,Lillie,5,Male
778,2,Christabel,Halliday,2,Female
903,3,Rollie,Dobrovolski,3,Male
723,1,Horten,Coots,6,Male
232,2,Brigida,Cammock,3,Female
353,9,Gabriellia,Devenny,2,Female
268,6,Marchall,Jerdan,8,Male
907,5,Cal,Wilks,1,Male
515,1,Lois,Mullenger,10,Female
839,1,Vassili,Clemon,10,Male
252,1,Wren,Probbin,2,Female
362,2,Leland,Buxsy,4,Female
895,10,Cherin,Snashall,9,Female
105,1,Eddie,Christian,9,Female
392,5,Aguste,Cockerell,1,Male
901,8,Guinna,Hughes,6,Female
56,4,Sonny,Nigh,6,Male
711,3,Dur,Westoll,10,Male
895,2,Ferdie,Cardenoza,2,Male
17,3,Twyla,Points,5,Female
43,6,Lavinie,Rickert,1,Female
779,6,Kylen,Fairbanks,2,Female
274,8,Sephira,Hanton,8,Female
366,4,Nadean,Longhorne,7,Female
934,7,Jyoti,Rosson,5,Female
382,2,Fredi,Howsden,2,Female
369,10,Evanne,Blewmen,2,Female
37,10,La verne,Hinchon,5,Female
602,7,Cale,Doxey,8,Male
907,4,Ichabod,Dailey,5,Male
730,4,Tedda,Brownhill,7,Female
669,9,Sile,Van der Daal,9,Female
801,6,Halsy,Avarne,8,Male
943,7,Jay,Grigoryev,1,Male
964,7,Leeland,Purbrick,2,Male
283,8,Edwin,O'Corrin,2,Male
654,7,Spence,Robertucci,6,Male
332,6,Alick,Ehlerding,3,Male
147,10,Valdemar,Ricciardelli,8,Male
118,2,Robers,Creer,3,Male
249,2,Isidor,Murthwaite,9,Male
584,10,Benedikt,Varah,6,Male
703,4,Alexandre,Woollett,8,Male
741,3,Stefanie,Firmage,5,Female
644,2,Franky,Mudie,1,Female
880,8,Gardener,Brumham,6,Male
602,1,Harrison,Munton,4,Male
212,3,Kristofer,Salkeld,8,Male
185,8,Grantley,Boggas,10,Male
198,3,Aili,Barosch,1,Female
515,6,Chrisy,Gorger,2,Male
856,5,Demetrius,Ramsby,1,Male
304,10,Haily,Vigers,7,Male
982,3,Feodora,Buddock,7,Female
943,5,Farrand,MacDougall,6,Female
806,8,Lotty,Hatterslay,3,Female
72,7,Sandor,Rosso,8,Male
286,10,Annetta,Enrich,7,Female
777,7,Elton,More,8,Male
732,2,Padraic,Stonehewer,8,Male
397,9,Morty,Dutson,10,Male
527,4,Madlen,Spillard,2,Female
663,1,Jen,Gilffilland,9,Female
321,3,Maura,Rignold,8,Female
958,10,Esta,Skelhorn,6,Female
723,2,Solly,Chessell,9,Male
888,10,Sephira,Metson,4,Female
916,8,Natassia,Gierek,6,Female
64,6,Nesta,Lowes,9,Female
800,7,Amil,Whitefoot,5,Female
430,7,Jannel,Akast,10,Female
489,5,Cad,Grzeszczyk,5,Male
145,9,Loydie,Leamon,2,Male
101,9,Jaime,Rickert,4,Male
945,3,Mathe,Wasmer,9,Male
67,10,Pren,Bentson,9,Male
879,10,Erl,Boggs,6,Male
761,7,Keefe,Ollcott,10,Male
582,1,Dudley,Pashan,9,Male
825,4,Lenette,Braghini,1,Female
829,2,Christiano,Ebbett,9,Male
189,6,Waiter,Crispin,4,Male
156,9,Briggs,Rennard,4,Male
918,7,Valeda,Sute,3,Female
593,5,Karol,Lapidus,10,Female
31,6,Pansie,Reynard,7,Female
297,3,Clem,Kerbler,5,Male
438,9,Nataline,Criag,1,Female
515,8,Aluin,Breckon,10,Male
547,5,Oliy,Barras,4,Female
894,8,Celie,Casse,7,Female
710,9,Billy,Barham,1,Male
463,4,Maurise,Dawltrey,5,Female
400,2,Bliss,O'Corr,10,Female
504,3,Ashbey,Broun,3,Male
979,3,Hirsch,Hudspeth,5,Male
449,4,Gualterio,Culvey,3,Male
190,1,Zane,Jahan,7,Male
590,9,Bowie,Sollam,7,Male
14,4,Delores,Perry,4,Female
561,2,Rafi,Yaldren,2,Male
280,1,Frasquito,Columbell,8,Male
111,5,Kasper,Follis,1,Male
85,10,Shina,Hanbury-Brown,7,Female
520,10,Brandise,Boldra,4,Female
37,10,Jacquette,D'Elias,6,Female
266,10,Margi,Mardoll,5,Female
299,1,Bing,Doherty,7,Male
680,5,Tabby,Jersch,10,Female
948,2,Joyous,Hoult,9,Female
642,9,Orly,Digan,8,Female
500,1,Siana,Grichukhin,10,Female
651,1,Glen,Berwick,5,Male
714,1,Ivie,Wapplington,9,Female
503,5,Hilda,Batthew,9,Female
622,8,Irvin,Kilmurry,7,Male
179,2,Arline,Gumby,9,Female
343,5,Vinni,Liggett,8,Female
